id,created_at,name,email,address,city,state,zip,birth_date,source
10,2018-08-16T12:16:30.000Z,Tressa White,white.tressa@yahoo.com,13081-13217 Main Street,Upper Sandusky,OH,43351,1968-01-13,Google
15,2018-12-20T17:50:32.000Z,Bertrand Romaguera,romaguera.bertrand@gmail.com,258 Opal Road,El Paso,AR,72045,2000-02-14,Twitter
16,2016-05-14T23:44:56.000Z,Khalid Pouros,khalid-pouros@yahoo.com,3234 County Road 7,Greensboro,AL,36744,1961-09-16,Google
20,2018-10-12T23:32:17.000Z,John Aufderhar,aufderhar.john@yahoo.com,52737 570th Street,Marne,IA,51552,1991-10-26,Affiliate
22,2017-09-29T21:34:43.000Z,Jeromy Smith,jeromy.smith@yahoo.com,1165 Rimrock Drive,Napa,CA,94558,1967-02-16,Twitter
34,2019-01-13T05:02:49.000Z,Emilie Goyette,goyette-emilie@yahoo.com,3349 Holly Springs Road,Amissville,VA,20106,1966-05-25,Organic
40,2017-03-06T00:54:32.000Z,Elyssa Wolf,wolf.elyssa@hotmail.com,171 Olive Oyle Lane,Dale,TX,78616,1978-09-04,Google
48,2017-11-24T10:23:11.000Z,Logan Weber,logan-weber@yahoo.com,1260 29th Road,Morrowville,KS,66958,1988-06-22,Organic
50,2018-01-24T04:24:23.000Z,Stacy Wisozk,wisozk.stacy@gmail.com,12751-12799 57th Street Northeast,Fordville,ND,58231,1967-05-14,Twitter
58,2016-06-02T12:04:04.000Z,Dawson Kovacek,kovacek-dawson@hotmail.com,174 Kentucky 1554,Owensboro,KY,42301,1983-09-10,Facebook
61,2016-06-05T04:03:53.000Z,Lina Labadie,labadie.lina@gmail.com,7100 Hudson Chapel Road,Catawba,NC,28609,1984-03-28,Google
65,2016-12-09T03:04:22.000Z,Arne O'Hara,arne-o-hara@gmail.com,18630 Old Marcus Road,Howes,SD,57748,1979-09-09,Facebook
66,2016-09-01T00:07:14.000Z,Gladys Dare,gladys-dare@gmail.com,6568 Pine Grove Road,Glenfield,NY,13343,1994-01-05,Twitter
68,2016-05-11T01:47:39.000Z,Colton Hauck,colton-hauck@yahoo.com,449-499 County Road 400 West,Rockport,IN,47635,1963-11-21,Affiliate
69,2017-09-02T01:06:17.000Z,Anibal Hansen,hansen.anibal@yahoo.com,2508-2520 Hancock Avenue,Moville,IA,51039,1969-10-06,Facebook
70,2016-07-03T07:13:18.000Z,Maya Berge,maya-berge@hotmail.com,84975 Nebraska 7,Ainsworth,NE,69210,1993-12-21,Twitter
80,2018-02-17T00:14:58.000Z,Wilhelm Willms,willms.wilhelm@gmail.com,101-1299 Mosley Street,Commerce,TX,75428,1992-01-06,Twitter
86,2017-08-11T01:11:33.000Z,Oda Brakus,oda-brakus@hotmail.com,17300 View Drive,Cottonwood,CA,96022,1981-06-22,Twitter
92,2018-08-01T23:51:53.000Z,Tatyana Steuber,tatyana-steuber@hotmail.com,29883 412th Avenue,Avon,SD,57315,1992-10-05,Twitter
95,2018-09-16T01:38:03.000Z,Aurelie Spinka,aurelie-spinka@gmail.com,25611 South Carman Road,Cheney,WA,99004,1960-06-05,Organic
99,2017-09-14T14:33:34.000Z,Alicia Cormier,cormier.alicia@yahoo.com,2160 Settler Road,Craigmont,ID,83523,1959-01-31,Organic
107,2018-01-06T09:37:51.000Z,Verla O'Kon,verla.kon.o@gmail.com,48502-48654 150th Avenue,Pocahontas,IA,50574,1986-02-23,Affiliate
111,2016-08-17T22:37:21.000Z,Augustine Runolfsdottir,runolfsdottir.augustine@gmail.com,521-599 Louisiana 27,Bell City,LA,70630,1997-06-10,Google
115,2017-04-04T03:19:32.000Z,Edwin Spencer,spencer.edwin@gmail.com,28161 FM 521 Road,Angleton,TX,77515,1994-06-28,Facebook
118,2017-01-25T06:51:18.000Z,Diego Will,diego.will@yahoo.com,870 Marions Ferry Road,Huntington,TX,75949,1976-05-29,Affiliate
128,2018-06-02T23:08:28.000Z,Jakob Kerluke,kerluke.jakob@gmail.com,19045 County Road 15,Del Norte,CO,81132,1958-06-20,Organic
129,2018-11-17T04:32:34.000Z,Grace Casper,casper-grace@hotmail.com,8235 Nolin Dam Road,Mammoth Cave,KY,42259,1992-05-04,Affiliate
136,2018-09-22T03:56:02.000Z,Aliyah Stracke,aliyah-stracke@gmail.com,9967-10311 Jinkins Road,North Zulch,TX,77872,1975-12-05,Twitter
138,2018-07-10T15:31:58.000Z,Unique Runolfsson,runolfsson.unique@yahoo.com,3001-3099 170th Street,Tracy,MN,56175,1975-04-16,Twitter
140,2017-08-06T18:33:59.000Z,Walker Conroy,walker.conroy@gmail.com,2933 Sarpy Avenue,Baton Rouge,LA,70820,1961-09-15,Affiliate
151,2018-09-02T16:01:26.000Z,Khalid McKenzie,khalid-mckenzie@gmail.com,820-872 Poison Lake Road,Douglas,WY,82633,1996-10-19,Twitter
152,2017-02-13T01:55:28.000Z,Ethan Kling,kling-ethan@yahoo.com,17401-17499 95th Street Southeast,Fairmount,ND,58030,1970-03-18,Facebook
153,2017-06-19T00:42:58.000Z,Lewis Hoppe,hoppe.lewis@gmail.com,314 Wisconsin 35,River Falls,WI,54022,1967-12-22,Google
154,2017-04-24T20:30:21.000Z,Monserrate Schuppe,schuppe-monserrate@gmail.com,3331-3589 Ballard Road,Bellvue,CO,80512,1989-09-18,Organic
155,2016-05-27T14:33:50.000Z,Trisha Hoeger,hoeger.trisha@yahoo.com,5036 Airline Road,Uniontown,KY,42461,1982-02-04,Affiliate
158,2016-06-29T14:57:13.000Z,Maye Toy,toy-maye@yahoo.com,19736-19746 County Road 581,Essex,MO,63846,1983-08-01,Affiliate
169,2018-10-30T11:09:22.000Z,Arnaldo Bartell,arnaldo-bartell@gmail.com,154-156 Cedar Street,East Hampton,NY,11937,1979-05-19,Organic
173,2017-12-25T23:39:38.000Z,Howard Gaylord,howard-gaylord@hotmail.com,1246 Jarvis Road,Wakeman,OH,44889,1980-01-10,Google
205,2018-08-13T13:36:49.000Z,Lowell Daniel,lowell-daniel@gmail.com,561 Little Sulphur Creek Road,Big Sandy,TN,38221,1974-08-09,Facebook
211,2017-08-29T09:14:12.000Z,Quinn Stokes,stokes-quinn@hotmail.com,35700-35792 181st Street,Orient,SD,57467,1976-07-30,Organic
221,2016-11-13T21:43:28.000Z,Seth Goldner,goldner-seth@yahoo.com,4960 U.S. 6,Iowa City,IA,52240,1965-02-05,Twitter
232,2016-06-13T14:44:05.000Z,Magnolia Hansen,hansen.magnolia@gmail.com,19333 Texas 16,Von Ormy,TX,78073,1982-04-10,Twitter
235,2018-07-05T13:25:09.000Z,Jerrod King,jerrod-king@yahoo.com,14850 Smart-Cole Road,Ostrander,OH,43061,1959-06-28,Google
236,2018-03-30T00:23:10.000Z,Doris Spencer,doris.spencer@yahoo.com,805 River Road,Piedmont,SC,29673,1986-12-01,Twitter
240,2017-09-06T05:58:24.000Z,Anais Douglas,douglas.anais@hotmail.com,361 Leeds Road,Elkton,MD,21921,1984-11-24,Twitter
251,2016-11-27T11:26:45.000Z,Dominique Bergnaum,dominique.bergnaum@gmail.com,37 Country Knoll Drive,Binghamton,NY,13901,1967-07-15,Affiliate
261,2016-11-29T12:30:23.000Z,Jaden Cole,cole.jaden@gmail.com,208 Morris Road,Sandusky,MI,48471,1973-07-16,Google
268,2016-06-17T01:24:03.000Z,Marvin Hegmann,marvin-hegmann@hotmail.com,15874 Red Shale Hill Road,Pekin,IL,61554,1980-10-03,Facebook
274,2017-10-19T22:49:30.000Z,Cameron Strosin,strosin.cameron@gmail.com,1220-1298 29th Street Northeast,Anamoose,ND,58710,1995-11-23,Facebook
275,2016-08-17T17:51:55.000Z,Gabrielle Considine,gabrielle-considine@yahoo.com,8669 Valley Line Road,Oconto Falls,WI,54154,1970-04-27,Affiliate
276,2017-01-04T21:32:18.000Z,Abbie Ryan,abbie-ryan@hotmail.com,15819 Index-Galena Road,Sultan,WA,98294,1971-12-30,Facebook
285,2016-11-02T21:19:47.000Z,Okey Botsford,botsford.okey@hotmail.com,11168 41st Street Northwest,Keene,ND,58847,1970-09-09,Affiliate
296,2016-08-31T09:30:38.000Z,Nellie Heller,heller-nellie@yahoo.com,256 Yarmouth Road,Gray,ME,4039,1965-09-11,Facebook
301,2018-09-22T18:47:43.000Z,Nichole Ledner,ledner-nichole@yahoo.com,1747-1799 120th Street,Goodell,IA,50439,1998-03-25,Organic
304,2016-12-17T10:18:34.000Z,Emmanuelle Sporer,sporer-emmanuelle@hotmail.com,9601-9697 160th Avenue Northeast,Pembina,ND,58271,1970-11-12,Twitter
310,2017-08-30T08:55:56.000Z,Libby Ledner,ledner-libby@yahoo.com,12996 Highway 88,Creston,NC,28615,1977-05-23,Twitter
322,2016-05-19T02:54:44.000Z,Scot Rippin,scot-rippin@hotmail.com,5001-5999 County Road 44,Yuma,CO,80759,1985-03-02,Google
325,2018-05-31T12:59:24.000Z,Orrin Lemke,lemke-orrin@yahoo.com,4100-4116 Sand Road,Erie,IL,61250,1983-04-20,Twitter
328,2018-02-19T14:35:44.000Z,Merle Blick,merle.blick@yahoo.com,4989 Foxen Canyon Road,Santa Maria,CA,93454,2000-02-19,Twitter
329,2016-08-05T17:00:03.000Z,Elwin Okuneva,elwin.okuneva@gmail.com,285 Emory Road,Blaine,TN,37709,1994-09-14,Affiliate
338,2016-10-10T11:49:26.000Z,Ernie Bogan,bogan.ernie@gmail.com,R3E Camino Court,Dixon,CA,95620,1990-01-22,Google
342,2016-06-15T18:24:14.000Z,Lavinia Harber,harber.lavinia@yahoo.com,3104 County Road 43270,Powderly,TX,75473,1973-10-11,Affiliate
347,2019-01-17T23:51:38.000Z,Ola Gottlieb,gottlieb-ola@gmail.com,1001 South Main Street,Rochelle,IL,61068,1971-06-25,Affiliate
348,2017-04-02T16:11:01.000Z,Elmore Weissnat,weissnat.elmore@gmail.com,40523 Line Street,Le Flore,OK,74942,1986-03-11,Organic
351,2016-05-28T01:38:22.000Z,Maudie Leannon,maudie.leannon@hotmail.com,13981 Perry Road,Lake Odessa,MI,48849,1991-06-22,Twitter
352,2018-02-06T14:35:59.000Z,Lowell Koelpin,koelpin-lowell@yahoo.com,2400-2418 East Colonial Drive,Orlando,FL,32803,1963-07-25,Affiliate
361,2016-06-03T02:41:26.000Z,Unique Balistreri,balistreri-unique@gmail.com,5895 North Carolina 90,Collettsville,NC,28611,1971-01-02,Twitter
363,2016-12-11T11:27:15.000Z,Diana Marvin,marvin.diana@hotmail.com,43521 Vía Canada,King City,CA,93930,1983-01-11,Google
367,2018-12-07T02:52:00.000Z,Gaetano Wilderman,gaetano.wilderman@yahoo.com,2913 Horse Creek Road,Circle,MT,59215,1966-12-07,Affiliate
375,2018-07-05T07:44:57.000Z,Ryder Kunde,kunde-ryder@yahoo.com,8717 Chevallier Drive,Helena,MT,59602,1997-11-30,Google
379,2019-02-16T21:52:32.000Z,Theresia Johnston,theresia.johnston@yahoo.com,221 Waltz Mill Road,Ruffs Dale,PA,15679,1984-02-29,Google
394,2016-06-23T23:50:46.000Z,Rosario Thiel,thiel-rosario@gmail.com,184 Lilly Lane,Lonoke,AR,72086,1989-09-06,Twitter
399,2019-04-08T16:05:36.000Z,Leilani Sanford,sanford.leilani@yahoo.com,37661 South Kaliak,Talkeetna,AK,99676,1977-10-28,Organic
403,2019-04-18T10:57:41.000Z,Andy Schmeler,andy.schmeler@gmail.com,171 Jones Road,Sutton,MA,1590,1987-02-19,Facebook
409,2018-04-28T07:19:57.000Z,Kenyon Watsica,watsica.kenyon@gmail.com,205 Hebert Trailer Park Road,Lake Charles,LA,70607,1992-03-02,Organic
412,2018-03-08T03:45:59.000Z,Earnestine Lockman,earnestine-lockman@hotmail.com,2927 Freshwater Road,Eureka,CA,95503,1964-03-29,Facebook
414,2017-10-09T19:45:54.000Z,Casey Metz,metz.casey@yahoo.com,576 Fincher Road,Canton,GA,30114,1960-05-17,Google
425,2018-07-12T12:47:18.000Z,Enrique Wiegand,wiegand.enrique@hotmail.com,7882 Mississippi 1,Duncan,MS,38740,1978-07-11,Twitter
436,2016-07-16T18:52:59.000Z,Heber Turner,turner-heber@gmail.com,701-799 250th Street,Scranton,IA,51462,1989-10-28,Facebook
443,2016-08-28T10:33:45.000Z,Lisa VonRueden,vonrueden-lisa@yahoo.com,10168 56th Street Southeast,Marion,ND,58466,1981-04-29,Twitter
446,2016-06-01T07:44:33.000Z,Tre Balistreri,tre-balistreri@hotmail.com,3119 Windmill Drive,Dayton,OH,45432,1966-12-09,Organic
447,2016-10-13T04:20:20.000Z,Demario Hand,demario-hand@yahoo.com,4328 3r Fish Camp Road,White Oak,GA,31568,1973-02-26,Affiliate
448,2018-06-09T07:02:30.000Z,Darian Cremin,cremin-darian@hotmail.com,9918 Howards Lick Road,Mathias,WV,26812,1967-08-12,Organic
451,2016-05-01T02:35:13.000Z,Vernice Schmitt,vernice-schmitt@hotmail.com,6 Lake Simond Road,Tupper Lake,NY,12986,1994-07-03,Twitter
457,2016-08-19T23:07:20.000Z,Marguerite Huels,marguerite-huels@hotmail.com,19200 Sweet Ola Highway,Ola,ID,83657,1966-01-22,Facebook
459,2017-05-26T21:18:53.000Z,Anissa Schuppe,anissa.schuppe@yahoo.com,1922 South Main Street,Corry,PA,16407,1992-08-21,Facebook
468,2018-02-08T21:07:21.000Z,Jensen Swaniawski,swaniawski.jensen@hotmail.com,520-550 Clay County Road 320,Qulin,MO,63961,1968-06-28,Facebook
470,2018-10-03T13:22:36.000Z,Enrico Graham,enrico-graham@gmail.com,11656 Utica Road,Greenwood,DE,19950,1995-05-06,Twitter
484,2018-12-21T18:20:30.000Z,Mayra Olson,mayra-olson@yahoo.com,7934 County Road 56,Saint Joe,IN,46785,1970-03-31,Google
490,2016-06-02T03:08:21.000Z,Tyreek Runolfsdottir,runolfsdottir-tyreek@gmail.com,41 Laurel Lane,Columbia,CT,6237,1980-01-17,Affiliate
493,2017-09-19T13:23:22.000Z,May Kerluke,kerluke.may@hotmail.com,194 Colonial Drive,Webster,NY,14580,1963-07-28,Facebook
501,2017-07-06T00:39:51.000Z,Orval Hettinger,hettinger.orval@hotmail.com,5290 Missouri 94,Marthasville,MO,63357,1986-10-25,Google
508,2016-10-24T06:31:38.000Z,Breana Weber,weber-breana@hotmail.com,21501 North Point Pleasant Road,Marietta,IL,61459,1981-06-01,Facebook
512,2019-01-29T08:20:50.000Z,Oliver Jacobs,jacobs-oliver@yahoo.com,24523-25321 Arkansas 9,Paron,AR,72122,1995-12-07,Google
518,2017-04-06T22:05:16.000Z,Granville Gaylord,gaylord-granville@yahoo.com,1821 V Drive South,Athens,MI,49011,1978-05-08,Affiliate
521,2017-01-17T06:29:26.000Z,Ubaldo Becker,becker-ubaldo@gmail.com,300-398 Pishkun Road,Choteau,MT,59422,1978-05-13,Organic
523,2016-05-18T21:09:56.000Z,Deonte Hoeger,hoeger.deonte@hotmail.com,3319 Main Boulder Road,Mc Leod,MT,59052,1975-04-28,Twitter
525,2016-05-07T04:52:41.000Z,Ethan Rutherford,ethan.rutherford@gmail.com,98 Ostby Drive,Superior,WI,54880,1996-04-13,Affiliate
530,2017-01-01T12:44:59.000Z,Camila Kautzer,camila.kautzer@yahoo.com,N8279 Wisconsin 49,Berlin,WI,54923,1988-09-12,Facebook
533,2017-05-27T08:46:44.000Z,Jennie Kuhlman,kuhlman-jennie@hotmail.com,21-585 Haymaker Road,Harlowton,MT,59036,1963-09-01,Twitter
536,2017-04-25T18:57:19.000Z,Daisha Boyer,boyer-daisha@gmail.com,1400 East 2 1/2 Road,Kingsley,MI,49649,1965-05-06,Affiliate
537,2016-07-10T01:05:12.000Z,Keith Rosenbaum,keith-rosenbaum@hotmail.com,718-798 County Road 5141,Pettigrew,AR,72752,1995-01-06,Google
538,2017-09-17T14:09:26.000Z,Charlie Bartoletti,charlie-bartoletti@yahoo.com,N15535 Parkway Road,Athelstane,WI,54104,1970-06-28,Google
551,2016-07-30T14:04:24.000Z,Oceane Runte,oceane.runte@yahoo.com,18100-18114 345th Avenue,Orient,SD,57467,1977-07-14,Organic
558,2016-06-25T03:43:01.000Z,Alexandria Schowalter,alexandria-schowalter@yahoo.com,45 Middle Street,Valley,AL,36854,1969-01-28,Google
566,2016-12-17T09:53:23.000Z,Jessy Spinka,spinka-jessy@gmail.com,45737-46099 52nd Street Northeast,Wilton,ND,58579,1981-08-13,Twitter
567,2018-04-06T17:16:12.000Z,Rossie Mann,mann-rossie@gmail.com,16701-16899 County Road T,Boscobel,WI,53805,1988-08-07,Twitter
571,2017-12-20T20:10:19.000Z,Micaela Ebert,micaela-ebert@gmail.com,31351 340th Street Northeast,Wing,ND,58494,1970-04-20,Affiliate
573,2017-12-04T09:55:57.000Z,Rachelle Schmidt,rachelle.schmidt@gmail.com,4785 Indiana 14,Winamac,IN,46996,1964-08-22,Twitter
574,2016-06-09T02:16:12.000Z,Jakob Hansen,jakob.hansen@gmail.com,16845 21st Street Southeast,Argusville,ND,58005,1963-08-31,Facebook
578,2016-11-07T07:43:42.000Z,Estrella Goyette,estrella.goyette@hotmail.com,1247 Highway 114,Hessmer,LA,71341,1981-09-10,Organic
583,2016-06-07T09:34:31.000Z,Issac O'Kon,o-issac-kon@hotmail.com,2800-2898 Grant Avenue,Hull,IA,51239,1973-09-09,Twitter
597,2016-07-09T19:41:41.000Z,Stan Schaefer,schaefer-stan@yahoo.com,14154 Eska Mine Road,Sutton-Alpine,AK,99674,1971-10-09,Facebook
605,2018-03-12T09:42:37.000Z,Arturo Marquardt,marquardt.arturo@yahoo.com,13132 205th Street,Dibble,OK,73031,1992-07-11,Google
613,2016-06-12T13:53:44.000Z,Kaden Lakin,kaden.lakin@hotmail.com,48000-48098 157th Street,Revillo,SD,57259,1958-07-16,Organic
620,2018-09-03T03:55:58.000Z,Shyann Boehm,boehm.shyann@yahoo.com,625 Depot Street,Greenland,MI,49929,1980-06-09,Google
624,2017-07-04T01:38:54.000Z,Abbie Parisian,parisian.abbie@yahoo.com,4730 Pilot Creek Lane,Pilot Hill,CA,95664,1983-07-01,Organic
630,2017-09-19T10:38:51.000Z,Felicia Runte,runte.felicia@yahoo.com,30268-30270 County Road 61,Aguilar,CO,81020,1983-06-10,Organic
632,2017-04-12T23:50:14.000Z,Ben Padberg,ben.padberg@yahoo.com,13527 East 380 Road,Jay,OK,74346,1983-07-24,Facebook
634,2016-09-14T19:35:56.000Z,Oswaldo Heaney,oswaldo.heaney@gmail.com,413-993 North Platte River Road,Sedalia,CO,80135,1981-06-13,Affiliate
641,2016-05-01T04:41:30.000Z,Blaise Legros,blaise.legros@hotmail.com,2648 Angus Road Southeast,Tenino,WA,98589,1974-10-28,Twitter
646,2018-09-27T14:02:55.000Z,Leopold Beer,beer.leopold@gmail.com,7505 North Spades Road,Sunman,IN,47041,1976-07-07,Organic
652,2018-02-28T04:33:18.000Z,Kitty Kohler,kitty-kohler@hotmail.com,823 Sussex Road,Kaycee,WY,82639,1965-09-02,Facebook
658,2017-06-26T13:15:19.000Z,Amiya Purdy,purdy-amiya@gmail.com,1608-1798 North 500 East,Markle,IN,46770,1994-02-14,Google
664,2017-12-29T19:49:41.000Z,Aidan Hagenes,aidan-hagenes@hotmail.com,1659 Aspen Avenue,Villisca,IA,50864,1960-04-28,Twitter
665,2019-04-17T12:06:52.000Z,Petra Roob,roob.petra@hotmail.com,1018-1024 Harley Drive,East Bend,NC,27018,1997-05-06,Facebook
667,2016-10-08T03:38:20.000Z,Isaac Schultz,schultz.isaac@yahoo.com,27676-27698 Oak Ridge Road,Browerville,MN,56438,1972-05-20,Facebook
671,2018-02-06T00:01:32.000Z,Hollie Schaefer,schaefer-hollie@hotmail.com,791 East Eden Road,Great Falls,MT,59405,1969-09-02,Organic
672,2016-06-05T07:06:45.000Z,Robin Flatley,flatley.robin@gmail.com,238 Prewitt Road Extension,Pontotoc,MS,38863,1966-02-27,Affiliate
673,2016-06-26T10:46:10.000Z,Lorena Predovic,lorena-predovic@gmail.com,10601 Bartolotti Loop,Seffner,FL,33584,1961-07-23,Affiliate
678,2016-04-25T10:53:29.000Z,Laverne Stanton,stanton-laverne@hotmail.com,3 3 Saints Avenue,Old Harbor,AK,99643,1985-04-25,Google
679,2016-08-07T06:14:30.000Z,Theodora Mertz,theodora-mertz@gmail.com,1201-1245 320th Street,Britt,IA,50423,1997-06-06,Google
691,2019-04-12T23:03:40.000Z,Don Bosco,bosco.don@gmail.com,4327 North Road,Red Bud,IL,62278,1975-12-28,Affiliate
699,2016-04-30T01:36:21.000Z,Brielle Kertzmann,brielle.kertzmann@gmail.com,6309 North 24th Street,Quincy,IL,62305,1971-07-18,Twitter
704,2019-01-27T20:17:15.000Z,Stanley Stanton,stanton.stanley@gmail.com,7705-8103 U.S. 77 Alternate,Goliad,TX,77963,1975-08-30,Affiliate
706,2017-07-19T01:49:23.000Z,Ladarius Hyatt,ladarius-hyatt@yahoo.com,9998 Ambler Avenue,Ambler,AK,99786,1994-10-10,Facebook
713,2017-01-30T20:51:43.000Z,Waldo Bartell,bartell.waldo@yahoo.com,9613 East Mount Spokane Park Drive,Mead,WA,99021,1979-08-11,Google
714,2017-04-30T08:05:05.000Z,Dakota Mante,mante-dakota@yahoo.com,7864-7870 South 1600 East,Rexburg,ID,83440,1994-03-25,Google
715,2016-11-05T15:27:38.000Z,Lafayette Kertzmann,lafayette-kertzmann@yahoo.com,8505 County Road 57,Keenesburg,CO,80643,1981-10-06,Twitter
718,2018-11-29T11:45:50.000Z,Deon Gerlach,deon.gerlach@gmail.com,10001-10199 48th Street Northeast,Lakota,ND,58344,1991-11-08,Google
721,2018-07-20T06:07:24.000Z,Charlene Bayer,charlene-bayer@hotmail.com,33049 275th Street,Dallas,SD,57529,1976-12-06,Google
723,2016-07-05T05:54:34.000Z,Shany Turcotte,turcotte.shany@hotmail.com,12490 Nevada 400,Imlay,NV,89418,1991-11-01,Organic
736,2016-08-06T10:05:55.000Z,Valerie Davis,davis-valerie@yahoo.com,540 Big Branch Hollow Road,Pembroke,VA,24136,1959-06-15,Organic
741,2019-03-09T03:16:05.000Z,Marcelo Ferry,marcelo-ferry@gmail.com,1104 Summer Street,Anaktuvuk Pass,AK,99721,1966-05-16,Affiliate
754,2019-04-07T08:44:51.000Z,Ellsworth Watsica,watsica-ellsworth@hotmail.com,21636-23044 Chalk Creek Drive,Nathrop,CO,81236,1958-05-31,Google
760,2016-07-03T15:39:46.000Z,Louie Willms,willms.louie@gmail.com,2045-2099 North Fork Highway,Cody,WY,82414,1966-10-07,Twitter
762,2017-12-18T18:12:28.000Z,Marc Schmitt,schmitt-marc@hotmail.com,4-6 Berm Road,Delta Junction,AK,99737,1958-05-16,Twitter
767,2016-06-19T01:18:23.000Z,Clementina Johnston,johnston.clementina@gmail.com,5370 Oregon 201,Ontario,OR,97914,1961-08-25,Organic
773,2017-01-20T23:49:38.000Z,Willis Kuvalis,kuvalis-willis@yahoo.com,17767-18027 Britto Road,Dos Palos,CA,93620,1987-07-22,Affiliate
778,2019-04-03T13:14:23.000Z,Lavina Schultz,schultz.lavina@hotmail.com,977 Harding Highway,Newfield,NJ,8344,1992-06-23,Affiliate
782,2016-07-25T17:30:45.000Z,Iva Waelchi,waelchi.iva@yahoo.com,13210 County Road 7480,Rolla,MO,65401,1969-03-11,Facebook
783,2017-08-04T13:46:24.000Z,Shayne Crona,crona-shayne@gmail.com,1701 Lode Road,Judith Gap,MT,59453,1963-10-03,Facebook
784,2016-11-16T17:59:56.000Z,Felton Keebler,felton.keebler@gmail.com,4243 County Road 6,Silas,AL,36919,1965-05-04,Twitter
790,2017-02-26T07:04:09.000Z,Eudora Renner,eudora-renner@gmail.com,800 Gold Mine Road,Grantville,GA,30220,1960-04-20,Twitter
794,2018-12-17T20:31:46.000Z,Elody Cormier,elody-cormier@hotmail.com,440 Creed Road,Sandyville,WV,25275,1958-06-16,Twitter
795,2017-09-11T12:17:51.000Z,Vada West,west-vada@hotmail.com,2860-3498 115th Road,Elm Creek,NE,68836,1959-10-18,Affiliate
797,2016-09-30T12:33:31.000Z,Gretchen Muller,gretchen.muller@hotmail.com,10862 Mercer Pike,Meadville,PA,16335,1970-04-11,Google
798,2016-05-30T11:15:52.000Z,Arden Jast,arden.jast@yahoo.com,90 West Street,New Riegel,OH,44853,1988-06-24,Facebook
800,2018-05-11T12:03:55.000Z,Ransom Murphy,murphy.ransom@gmail.com,1121 Georgia 46,Register,GA,30452,1987-11-20,Facebook
801,2018-06-15T20:17:25.000Z,Lavon Mante,mante-lavon@hotmail.com,19158 West Brady Road,Oakley,MI,48649,1971-07-18,Organic
803,2017-06-28T03:46:56.000Z,Stewart Marks,stewart.marks@gmail.com,1212 County Road 3900,Lorenzo,TX,79343,2000-04-03,Organic
804,2019-03-27T15:18:26.000Z,Verna Davis,verna.davis@hotmail.com,2821 Grand Coulee Road,Iota,LA,70543,1998-04-06,Google
808,2017-10-06T15:22:27.000Z,Grady Raynor,grady.raynor@hotmail.com,1888 Busby Road,Unadilla,GA,31091,1992-02-28,Facebook
809,2018-08-14T23:22:17.000Z,Francesco Grant,grant-francesco@hotmail.com,5697-5965 East Levering Road,Levering,MI,49755,1993-09-16,Facebook
816,2016-05-15T01:33:15.000Z,Luisa Swaniawski,swaniawski-luisa@hotmail.com,1047 Williams Road,Le Raysville,PA,18829,1984-05-31,Facebook
817,2016-07-22T15:26:55.000Z,Nova Leuschke,leuschke-nova@yahoo.com,340 Grover Hollow Road,Genesee,PA,16923,1966-08-01,Affiliate
822,2016-12-20T17:20:05.000Z,Morton Funk,morton.funk@gmail.com,32801-33307 Myers Road,Yoder,CO,80864,1966-02-07,Affiliate
828,2017-04-18T01:00:16.000Z,Irma Waters,irma.waters@yahoo.com,1625 Hudgins Highway,Summersville,KY,42782,1960-01-17,Google
829,2017-04-02T03:08:42.000Z,Elva Herman,elva-herman@hotmail.com,58232-58838 County Saint Aid Highway 12,Cosmos,MN,56228,1987-02-16,Twitter
837,2016-09-06T01:52:47.000Z,Bonita King,bonita-king@hotmail.com,845 County Road 102,Guffey,CO,80820,1974-02-08,Facebook
848,2018-08-10T04:10:14.000Z,Tressie Willms,willms-tressie@hotmail.com,3370 Reserve Drive,Portage,IN,46368,1961-05-29,Facebook
854,2018-09-11T17:06:11.000Z,Sigmund Mayer,mayer.sigmund@hotmail.com,554-620 Alabama 6,Eufaula,AL,36027,1960-12-08,Twitter
864,2017-10-19T15:47:31.000Z,Gunnar Hilpert,hilpert.gunnar@yahoo.com,2429 Academy Circle East,Kissimmee,FL,34744,1971-01-09,Twitter
868,2018-01-11T21:41:01.000Z,Danny Oberbrunner,oberbrunner-danny@yahoo.com,818 McAfee Lane,Salvisa,KY,40372,1962-05-10,Affiliate
870,2016-12-17T06:29:06.000Z,Sigrid Denesik,denesik-sigrid@gmail.com,662-748 County Road 229,Toyah,TX,79785,1999-11-04,Organic
885,2016-08-17T07:41:57.000Z,Eldred Dietrich,eldred.dietrich@yahoo.com,95 South Main Street,Cedar City,UT,84720,1959-10-05,Facebook
886,2016-05-19T12:52:20.000Z,Howell Price,price-howell@hotmail.com,10355 Gap Road,Ukiah,CA,95482,1977-10-05,Twitter
893,2016-10-12T16:05:55.000Z,Audie Hane,hane.audie@gmail.com,11401-11799 Illinois 84,Savanna,IL,61074,1961-10-27,Organic
905,2017-02-17T21:29:32.000Z,Delfina Orn,delfina-orn@yahoo.com,456 Dean Archer Road,Jonesborough,TN,37659,1980-01-23,Affiliate
906,2017-04-03T17:53:03.000Z,Dale Halvorson,halvorson.dale@gmail.com,8 Bison Hill Lane,Dixon,MT,59831,1970-10-19,Google
907,2018-01-31T14:02:51.000Z,Louie Corkery,louie.corkery@yahoo.com,37128 Norfolk Drive,Eldridge,MO,65463,1965-03-24,Google
908,2019-03-04T07:28:51.000Z,Toby Yundt,toby.yundt@gmail.com,12719 Us Highway 287,Lander,WY,82520,1969-08-16,Affiliate
913,2016-12-02T13:24:30.000Z,Destiney Ortiz,ortiz.destiney@hotmail.com,19426 Homedale Road,Caldwell,ID,83607,1990-02-23,Facebook
915,2016-04-19T21:35:18.000Z,Dorian Predovic,dorian.predovic@gmail.com,3519 Attala Road 4163,Sallis,MS,39160,1967-12-02,Organic
917,2018-10-25T19:48:53.000Z,Franco Sauer,sauer-franco@yahoo.com,15587 U.S. 50,Coaldale,CO,81222,1997-02-28,Google
918,2018-05-06T23:11:17.000Z,Margret Johnston,johnston-margret@yahoo.com,21301-21397 349th Avenue,Ree Heights,SD,57371,1965-11-24,Twitter
919,2016-06-04T22:15:14.000Z,Oscar Olson,oscar-olson@hotmail.com,7001-7499 40th Street South,Moorhead,MN,56560,1966-03-17,Organic
924,2018-08-28T16:02:19.000Z,Agnes Braun,braun-agnes@yahoo.com,150 Erkhart Lane,Lucedale,MS,39452,1959-02-24,Facebook
927,2016-12-07T20:34:07.000Z,Laura Bahringer,bahringer-laura@yahoo.com,605 Enfield Road,Arthur,NE,69121,1987-10-02,Google
942,2016-11-13T14:56:41.000Z,Lacy Gleichner,lacy.gleichner@gmail.com,3600-3680 Lincoln,Levelland,TX,79336,1974-02-02,Google
943,2018-11-08T15:44:24.000Z,Phoebe Mann,mann-phoebe@gmail.com,373 Hidden Lane,Oriental,NC,28571,1964-12-27,Organic
949,2016-06-15T08:56:41.000Z,Amanda Boehm,boehm-amanda@hotmail.com,1362 Smith Woods Lane,Hickory Grove,SC,29717,1964-04-02,Google
960,2019-02-02T08:22:40.000Z,Angie Tremblay,angie.tremblay@hotmail.com,3444 Wisconsin 133,Blue River,WI,53518,1968-11-18,Facebook
962,2019-01-02T08:28:14.000Z,Theresa Corkery,corkery.theresa@yahoo.com,4098 East 13th Street,Ames,IA,50010,1990-07-29,Twitter
966,2019-01-12T21:58:38.000Z,Ford Rolfson,rolfson-ford@yahoo.com,86 Nye Way,Wilmington,NY,12997,1989-12-04,Twitter
968,2018-02-15T23:42:52.000Z,Josiah Schimmel,schimmel.josiah@gmail.com,2755 Cooks Landing Road,Quincy,FL,32351,1993-04-13,Facebook
969,2017-07-11T10:07:58.000Z,Dell Adams,adams-dell@yahoo.com,663 Rockhouse Fork Road,Salyersville,KY,41465,1964-08-02,Facebook
977,2016-06-13T05:28:01.000Z,Lillian Wiza,wiza.lillian@hotmail.com,877 North 400 East Road,Milmine,IL,61855,1981-11-01,Twitter
981,2018-06-08T21:35:14.000Z,Jarvis Brekke,brekke-jarvis@yahoo.com,664 Hidden Meadows Lane,Oakland,OR,97462,1983-11-13,Twitter
992,2018-09-09T00:17:03.000Z,Cassidy Watsica,cassidy-watsica@hotmail.com,120 North Fork Travis Creek Road,Clancy,MT,59634,1993-04-06,Facebook
995,2018-10-28T17:34:16.000Z,Efrain Trantow,efrain.trantow@yahoo.com,1241 Deer Trail,Bishop,GA,30621,1985-02-10,Affiliate
1000,2019-02-05T01:56:44.000Z,Craig Abshire,craig-abshire@gmail.com,162 Hartwell Road,Bedford,MA,1730,1996-05-12,Google
1002,2019-01-09T08:57:08.000Z,Martin Monahan,monahan.martin@yahoo.com,291 Boenig Road,Woodsboro,TX,78393,1991-11-10,Affiliate
1004,2016-05-05T20:47:22.000Z,Alvis Emmerich,alvis.emmerich@yahoo.com,1200-1250 Knox Road 300 East,Galesburg,IL,61401,1990-12-08,Affiliate
1007,2016-04-28T08:13:00.000Z,Viva Willms,willms.viva@gmail.com,2261 Wilson Drive,Akron,OH,44312,1991-08-22,Google
1016,2017-06-07T02:37:55.000Z,Viola Schoen,schoen.viola@hotmail.com,990 Mount Hunger Road,Bethel,VT,5032,1995-11-29,Organic
1019,2017-03-12T04:54:23.000Z,Freddy Fay,freddy.fay@gmail.com,2700-2756 26th Street Northeast,Harvey,ND,58341,1973-04-22,Facebook
1021,2016-06-05T11:44:26.000Z,Ladarius Ullrich,ullrich-ladarius@gmail.com,1096 Zion-Hampton Road,Collinsville,MS,39325,1980-02-25,Google
1023,2018-11-15T10:46:40.000Z,Pinkie Schulist,schulist.pinkie@yahoo.com,3560 Hamilton Road,Harrison,MI,48625,1963-02-17,Facebook
1025,2016-09-14T15:39:55.000Z,Maye Kuhn,kuhn-maye@hotmail.com,724 County Road 2729,Marietta,TX,75566,1977-07-10,Organic
1027,2016-05-09T17:27:31.000Z,Nyah Keebler,nyah-keebler@yahoo.com,80 North Lakeside Drive,Amarillo,TX,79118,1981-09-30,Affiliate
1031,2017-11-15T02:32:27.000Z,Garry Paucek,garry-paucek@hotmail.com,8102-8104 Cattle Drive,Austin,TX,78749,1963-01-06,Affiliate
1035,2017-03-10T02:05:01.000Z,Blake Leffler,blake-leffler@hotmail.com,1522 Cooper Hill Road,Birmingham,AL,35213,1965-04-28,Affiliate
1037,2016-09-23T00:18:59.000Z,Savanah Will,will.savanah@gmail.com,373-605 Georgia 63,Commerce,GA,30529,1974-02-08,Facebook
1039,2017-07-17T07:23:24.000Z,Jarred Koch,koch.jarred@hotmail.com,85 Melton Lane,Marion,AL,36756,1975-06-25,Twitter
1042,2018-09-05T16:15:44.000Z,Martina Altenwerth,martina-altenwerth@gmail.com,155 Compton Road,Ithaca,NY,14850,1966-06-23,Google
1051,2017-05-11T17:36:16.000Z,Mason Ferry,ferry.mason@gmail.com,510 Pate Road,Huntingdon,TN,38344,1969-11-09,Twitter
1054,2019-03-13T06:11:26.000Z,Dina Hand,dina-hand@gmail.com,13500 County Road 226,Brownwood,TX,76801,1990-10-10,Google
1055,2016-08-25T08:16:22.000Z,Madisen Kunde,kunde.madisen@gmail.com,7100 Cold Spring Creek,Dillon,MT,59725,1971-08-30,Organic
1057,2018-08-27T05:55:46.000Z,Linwood Osinski,osinski.linwood@gmail.com,1 Rabbit Island,Hammond,NY,13646,1965-04-12,Google
1061,2018-04-17T05:37:58.000Z,Jessika Kutch,jessika-kutch@gmail.com,4614 North Rolland Road,Lake,MI,48632,1993-12-21,Organic
1065,2018-06-12T20:47:15.000Z,Jazmin Rau,jazmin-rau@yahoo.com,2129-2679 Beaverslide Road,Carter,MT,59420,1985-06-23,Affiliate
1066,2017-09-12T12:48:18.000Z,Norwood Gutmann,gutmann.norwood@gmail.com,1121 Tolar Cemetery Road,Tolar,TX,76476,1972-06-03,Organic
1073,2016-09-28T11:22:12.000Z,Aditya Nienow,nienow.aditya@hotmail.com,101-127 510th Street,Emmons,MN,56029,1963-01-13,Affiliate
1083,2017-05-26T23:13:31.000Z,Mathias Altenwerth,mathias.altenwerth@yahoo.com,2047 Hayes Avenue,Fort Dodge,IA,50501,1980-10-29,Google
1084,2016-09-03T07:11:57.000Z,Tamia Larkin,tamia.larkin@gmail.com,1832 Boner Road,Lusk,WY,82225,1985-08-02,Google
1087,2018-03-31T18:55:51.000Z,Shaina Witting,shaina-witting@gmail.com,104 3rd Street Southwest,Rothsay,MN,56579,1970-11-14,Affiliate
1091,2018-07-28T14:34:36.000Z,Margot Beahan,margot-beahan@yahoo.com,1846-1898 70th Street,Balsam Lake,WI,54810,1983-12-02,Facebook
1109,2017-08-05T15:12:59.000Z,Mohammed Powlowski,powlowski-mohammed@yahoo.com,2630 State Road 13,Fruit Cove,FL,32259,1999-06-09,Twitter
1112,2016-05-23T03:49:27.000Z,Breanna Strosin,breanna.strosin@yahoo.com,8439 Cedar Fork Road,New Haven,MO,63068,1993-05-29,Affiliate
1115,2017-03-09T11:03:24.000Z,Gina Schneider,schneider-gina@yahoo.com,3635 Cheat Valley Highway,Parsons,WV,26287,1968-04-04,Affiliate
1117,2017-08-05T14:05:38.000Z,Katharina Heathcote,katharina-heathcote@yahoo.com,3501-3629 Clark Road,Live Oak,CA,95953,1959-02-21,Twitter
1118,2017-04-24T11:05:29.000Z,Marta Kuvalis,marta-kuvalis@gmail.com,16073 Fish Lake Road,Holly,MI,48442,1997-04-17,Organic
1121,2016-10-04T08:10:18.000Z,Marlene Cassin,marlene-cassin@hotmail.com,37000-38298 262nd Street Northeast,Wing,ND,58494,1970-09-09,Twitter
1129,2016-08-05T21:45:18.000Z,Elyssa Cronin,elyssa-cronin@hotmail.com,54250 Rockport Cascade Road,Rockport,WA,98283,1981-06-18,Google
1131,2017-12-15T00:11:15.000Z,Flavio Thompson,flavio.thompson@gmail.com,32000-32486 195th Avenue,New Prague,MN,56071,1997-02-14,Facebook
1132,2016-11-25T12:34:44.000Z,Camryn Murazik,murazik-camryn@yahoo.com,16168-16246 Lake Shore Drive,Caldwell,ID,83607,1983-08-20,Affiliate
1147,2016-05-05T12:26:57.000Z,Nick Collier,nick-collier@hotmail.com,13901 Mountain Laurel Grove,Lanexa,VA,23089,1979-04-03,Organic
1152,2018-06-18T21:21:54.000Z,Erica Orn,orn.erica@hotmail.com,210 Harrold Rose Road,Ezel,KY,41425,1959-01-27,Organic
1154,2016-06-16T20:59:13.000Z,Merritt Weber,merritt.weber@gmail.com,1B Southeast,Mount Pleasant,TX,75455,1985-02-08,Twitter
1155,2016-05-20T23:58:38.000Z,Boris Gerhold,boris.gerhold@yahoo.com,1352 Clella Circle,Bee Branch,AR,72013,1961-05-14,Affiliate
1160,2018-06-24T15:56:40.000Z,Patience Heidenreich,heidenreich-patience@hotmail.com,14786 420th Avenue,Bristol,SD,57219,1958-07-22,Affiliate
1161,2016-05-20T00:54:14.000Z,Cortney Zemlak,cortney.zemlak@hotmail.com,4443 Mathis Mill Road,Valdosta,GA,31602,1996-07-02,Affiliate
1162,2016-12-07T13:27:36.000Z,Sherwood Larson,sherwood.larson@hotmail.com,627 West 130th Avenue North,Conway Springs,KS,67031,1981-01-07,Organic
1163,2017-06-29T01:28:34.000Z,Otto Krajcik,otto-krajcik@yahoo.com,W5941 M Johnson Road,Holmen,WI,54636,1978-02-28,Organic
1164,2016-11-08T19:57:24.000Z,Annetta Zulauf,annetta-zulauf@hotmail.com,74384 Avenue 359,Hayes Center,NE,69032,1972-07-24,Organic
1165,2018-11-15T08:40:08.000Z,Makayla Ondricka,makayla.ondricka@hotmail.com,17701-17799 69th Street Southeast,Wahpeton,ND,58075,1998-02-11,Facebook
1177,2017-06-18T23:11:28.000Z,Vincenzo Spencer,spencer.vincenzo@hotmail.com,W23274 German Coulee Lane,Galesville,WI,54630,1985-08-01,Google
1181,2016-05-23T04:39:04.000Z,Giovanni Smitham,giovanni-smitham@hotmail.com,401 North Main Street,Englewood,OH,45322,1976-04-20,Facebook
1182,2016-07-10T01:49:29.000Z,Jean Larson,jean.larson@yahoo.com,3701-3793 1st Lane,Oxford,WI,53952,1991-05-09,Twitter
1191,2018-06-14T23:44:39.000Z,Alphonso Rodriguez,alphonso.rodriguez@yahoo.com,150 Wintermote Road,Douglas,WY,82633,1978-06-30,Google
1201,2016-05-26T21:35:02.000Z,Kaycee Keebler,kaycee-keebler@gmail.com,2909 Herring Road,Arvin,CA,93203,1958-05-11,Affiliate
1203,2016-10-11T04:34:56.000Z,Vella Fadel,fadel.vella@yahoo.com,2078 South Rudolphs Road,Maple,WI,54854,1979-05-20,Google
1204,2016-07-21T12:04:24.000Z,Myrtle Bahringer,myrtle.bahringer@hotmail.com,1700-1776 175th Street,Fort Dodge,IA,50501,1999-07-17,Google
1205,2016-07-10T05:42:12.000Z,Monroe Kulas,kulas-monroe@hotmail.com,8053 Hannum Road,Mayville,NY,14757,1986-09-20,Twitter
1213,2017-05-27T21:41:20.000Z,Russell Muller,muller-russell@yahoo.com,7247 Fort King Road,Zephyrhills,FL,33541,1989-01-04,Facebook
1214,2018-10-12T14:57:50.000Z,Susan Abernathy,abernathy-susan@gmail.com,9970 Watson Seed Farm Road,Whitakers,NC,27891,1960-08-12,Facebook
1226,2017-03-19T22:37:20.000Z,Veronica Stark,veronica.stark@hotmail.com,5477 County Road 343,Forestburg,TX,76239,1978-04-22,Twitter
1231,2016-10-08T11:52:47.000Z,Brielle Ondricka,brielle.ondricka@gmail.com,3261 Cherry Corner Road,Murray,KY,42071,1971-12-06,Twitter
1236,2016-08-07T17:06:48.000Z,Freida Wiza,freida-wiza@hotmail.com,384 Lancaster Pike,New Providence,PA,17560,1983-05-05,Organic
1238,2016-07-30T17:16:31.000Z,Josh Schimmel,josh-schimmel@gmail.com,18576-19008 Long Parkway Road,Olsburg,KS,66520,1997-02-24,Twitter
1240,2017-09-18T12:21:17.000Z,Clementine Schmitt,schmitt-clementine@gmail.com,9414 Warren Road,Valley Springs,CA,95252,1963-05-15,Google
1242,2016-11-11T17:54:47.000Z,Tad Ruecker,ruecker-tad@yahoo.com,1003-1075 County Highway Z,Arkdale,WI,54613,1976-11-30,Affiliate
1243,2017-01-03T00:44:47.000Z,Nikolas Waelchi,nikolas-waelchi@yahoo.com,2136-2598 Wright Road,Hollister,CA,95023,1961-09-18,Twitter
1244,2016-07-05T05:42:47.000Z,Hollie Carter,hollie-carter@hotmail.com,766 County Road 293,Jasper,TX,75951,1969-03-03,Google
1248,2019-02-02T04:42:34.000Z,Cassandra Nicolas,cassandra.nicolas@hotmail.com,15341-15999 East North Caribou Lake Road,De Tour Village,MI,49725,1983-05-20,Google
1253,2016-08-18T10:19:28.000Z,Maeve Bernier,maeve-bernier@gmail.com,1200-1298 North Benzel Road,Ritzville,WA,99169,1998-03-12,Facebook
1259,2018-03-01T22:04:06.000Z,Elinore Carroll,carroll.elinore@yahoo.com,735 Providence Road,Grenada,MS,38901,1976-03-10,Affiliate
1264,2018-11-13T07:42:00.000Z,Grace Hills,hills.grace@gmail.com,11500-11998 County Road 60,Sheridan Lake,CO,81071,1984-04-09,Google
1269,2017-10-06T04:11:25.000Z,Pat Jast,pat.jast@hotmail.com,801 Ben Jones Lane,Lothian,MD,20711,1994-12-24,Google
1271,2016-06-07T09:07:24.000Z,Pearlie Heidenreich,heidenreich.pearlie@hotmail.com,2383 Collinstown Road,Appleton,ME,4862,1998-01-19,Twitter
1272,2017-02-13T09:28:13.000Z,Lonny Shanahan,shanahan.lonny@yahoo.com,16638-16644 Linwood Lawn Drive,Lexington,MO,64067,1961-08-28,Affiliate
1274,2019-02-21T10:43:44.000Z,Carmel Cummerata,carmel.cummerata@hotmail.com,6240-6298 South 125 West,Brook,IN,47922,1995-01-20,Facebook
1280,2016-05-31T06:22:26.000Z,Jimmie Lang,lang-jimmie@hotmail.com,16800-17998 South Holstein Avenue,Holstein,NE,68950,1961-12-20,Organic
1287,2017-09-02T19:29:34.000Z,Celine Hegmann,hegmann-celine@hotmail.com,17752 Tree Road,Hoyleton,IL,62803,1970-05-18,Twitter
1299,2016-09-26T06:55:39.000Z,Easton Kuhlman,easton.kuhlman@gmail.com,23918 353 Avenue,Pukwana,SD,57370,1963-12-29,Affiliate
1304,2016-12-12T08:17:03.000Z,Brenda Gibson,brenda-gibson@hotmail.com,2082-2474 Beaver Drive,Rochester Mills,PA,15771,1971-05-28,Organic
1308,2018-01-14T05:13:41.000Z,Sabina Borer,borer.sabina@gmail.com,29906-29980 464th Avenue,Centerville,SD,57014,1961-06-18,Organic
1322,2019-02-08T02:31:38.000Z,Ole Krajcik,krajcik.ole@hotmail.com,55122 290th Avenue,Chariton,IA,50049,1994-12-02,Affiliate
1329,2017-05-15T00:12:52.000Z,Michale Mayer,mayer-michale@yahoo.com,49846 222nd Street,Lake Crystal,MN,56055,1986-06-03,Organic
1333,2016-07-22T09:57:54.000Z,Braeden Stehr,braeden.stehr@hotmail.com,3614 Willow Swamp Road,Islandton,SC,29929,1958-10-08,Twitter
1338,2016-06-03T16:34:27.000Z,Joanne Powlowski,joanne.powlowski@yahoo.com,137-199 107th Street Northwest,Souris,ND,58783,1987-07-11,Facebook
1344,2019-04-02T22:06:54.000Z,Buddy Hills,buddy-hills@gmail.com,9331 East Summer Field Drive,Traverse City,MI,49684,1966-11-11,Twitter
1349,2017-08-01T10:42:38.000Z,London Ryan,ryan-london@yahoo.com,20520 No Name Road,Corning,CA,96021,1980-01-04,Organic
1352,2018-12-18T13:03:39.000Z,Gaston McCullough,gaston.mccullough@hotmail.com,1005 Floyd Avenue,Jackson,MI,49203,1983-03-04,Affiliate
1354,2018-12-23T03:20:29.000Z,Melisa Reynolds,reynolds-melisa@hotmail.com,11235 Jones Wilke Road,Chappell Hill,TX,77426,1984-04-22,Affiliate
1357,2017-04-11T15:23:26.000Z,Orlo Romaguera,romaguera.orlo@yahoo.com,2151-2297 50th Avenue,Aledo,IL,61231,1991-07-24,Organic
1364,2016-06-26T19:07:39.000Z,Trevor Smith,smith.trevor@yahoo.com,1841 Shuteye Road,Many,LA,71449,1984-03-01,Google
1366,2016-05-11T06:35:58.000Z,Carlie Hilll,carlie-hilll@hotmail.com,86683 Nebraska 7,Ainsworth,NE,69210,1969-08-08,Twitter
1367,2018-01-31T20:09:56.000Z,Bonnie Kemmer,kemmer.bonnie@hotmail.com,2301-2307 State Road S-28-697,Camden,SC,29020,1983-12-24,Twitter
1370,2018-10-17T01:47:40.000Z,Emanuel Corwin,emanuel-corwin@gmail.com,26800-27176 Colorado 9,Guffey,CO,80820,1982-09-26,Twitter
1380,2017-11-15T23:06:53.000Z,Ruthe Hane,ruthe-hane@hotmail.com,4142-4198 Parrottsville Road,Bybee,TN,37713,1997-11-20,Facebook
1381,2016-09-09T09:59:48.000Z,Kiarra O'Kon,kon-o-kiarra@yahoo.com,21301-21361 625th Street,Dodge Center,MN,55927,1972-01-05,Organic
1383,2018-11-18T13:30:02.000Z,Una Hermann,hermann.una@yahoo.com,9520 Dilly Shaw Tap Road,Bryan,TX,77808,1975-03-19,Organic
1389,2016-12-04T13:29:11.000Z,Henriette O'Connell,connell-o-henriette@yahoo.com,1703-1825 Banbury Drive,Branchville,SC,29432,1997-01-21,Organic
1390,2018-04-04T08:13:14.000Z,Marc Macejkovic,macejkovic-marc@gmail.com,8774 Fairhaven College CRNR Road,College Corner,OH,45003,1988-02-16,Facebook
1394,2018-07-17T19:28:46.000Z,Mayra Hermann,mayra.hermann@gmail.com,1335 Washington Avenue,Havre,MT,59501,1964-12-03,Facebook
1414,2016-08-30T02:17:47.000Z,Delores Kuhlman,delores.kuhlman@gmail.com,2551 Storment Road,Endicott,WA,99125,1997-04-06,Google
1423,2017-01-03T19:13:31.000Z,Randi Howe,howe-randi@gmail.com,1898 County Road 027,Jasper,TX,75951,1965-06-30,Facebook
1424,2016-05-19T19:11:21.000Z,Rey Schumm,rey-schumm@hotmail.com,411-467 Avenue D,Wilson,KS,67490,1979-04-30,Google
1435,2016-10-07T11:23:11.000Z,Kiara Bayer,kiara.bayer@gmail.com,1437 Knox Road,Rossville,TN,38066,1996-05-23,Organic
1447,2016-06-05T03:23:12.000Z,Johathan Sanford,sanford-johathan@yahoo.com,970 Adel Road,Cascade,MT,59421,1984-01-26,Twitter
1453,2016-06-13T08:22:22.000Z,Ted Weber,ted-weber@gmail.com,46801 East 192nd Street,Richmond,MO,64085,1987-02-01,Organic
1459,2017-06-10T02:03:11.000Z,Jarrett Emard,jarrett-emard@gmail.com,13996 U.S Highway 169,Oologah,OK,74053,1968-01-26,Twitter
1463,2017-03-24T21:42:01.000Z,Adolfo Flatley,adolfo.flatley@hotmail.com,1986 North Carolina 49,Prospect Hill,NC,27314,1996-11-23,Facebook
1468,2016-11-12T11:27:22.000Z,Elvie Parisian,elvie.parisian@yahoo.com,864 Sunny Hollow Road,Smithville,WV,26178,1978-01-07,Organic
1471,2019-01-12T01:57:33.000Z,Edyth Roob,roob-edyth@yahoo.com,1551 U.S. 283,Throckmorton,TX,76483,1975-05-26,Affiliate
1473,2016-06-06T11:30:42.000Z,Arvel Lakin,arvel-lakin@gmail.com,1900 County Road Y,Western,NE,68464,1970-04-07,Organic
1476,2017-12-20T13:11:32.000Z,Berneice White,white.berneice@gmail.com,1400-1598 South Roosevelt Road 13,Portales,NM,88130,1999-07-03,Google
1483,2017-07-17T17:08:34.000Z,Breanna Pollich,pollich-breanna@yahoo.com,219 Old Ridgeway Road,Bremen,GA,30110,1968-08-18,Affiliate
1484,2018-10-29T16:31:38.000Z,Ellsworth West,ellsworth.west@hotmail.com,2612 South Finn Road,Kettle River,MN,55757,1980-10-04,Affiliate
1485,2018-01-09T04:39:34.000Z,Erich Kris,erich.kris@gmail.com,5499-5529 N3820 Road,Bokchito,OK,74726,1982-10-18,Twitter
1492,2017-01-01T11:54:41.000Z,Jameson Grady,jameson-grady@yahoo.com,500-550 Southwest Road,Castalia,OH,44824,1974-01-13,Affiliate
1500,2016-06-25T06:13:49.000Z,Kadin Mraz,kadin.mraz@hotmail.com,7901-7999 23rd Street Southeast,Buchanan,ND,58420,1992-02-06,Facebook
1505,2016-06-17T01:41:34.000Z,Joany Bartell,bartell-joany@gmail.com,3205-3209 U.S. 12,Niles,MI,49120,1978-05-26,Facebook
1508,2016-10-30T15:52:39.000Z,Danial Kohler,kohler.danial@hotmail.com,12231 Farm to Market Road 2796,Pittsburg,TX,75686,1977-02-03,Google
1509,2017-06-29T22:52:36.000Z,Henry Rowe,henry-rowe@yahoo.com,10431 South 513th West Avenue,Drumright,OK,74030,1960-12-22,Twitter
1513,2018-09-24T02:00:21.000Z,Hortense Donnelly,hortense.donnelly@gmail.com,28515 Horwege Road,Davenport,WA,99122,1973-01-21,Google
1522,2016-06-26T06:42:18.000Z,Edmund Adams,edmund-adams@gmail.com,139 Hans Creek Road,Broadalbin,NY,12025,1997-10-18,Organic
1528,2016-07-30T19:26:03.000Z,Donny Murazik,murazik-donny@hotmail.com,546 Mulberry Road,Winder,GA,30680,1980-10-29,Organic
1537,2017-10-31T02:33:41.000Z,Jessyca Mayert,mayert.jessyca@gmail.com,1501-1517 Parkersburg Road,Spencer,WV,25276,1973-11-02,Organic
1538,2017-10-18T18:50:24.000Z,Blanche Bednar,bednar.blanche@hotmail.com,6020 Thane Road,Juneau,AK,99801,1977-12-15,Facebook
1547,2018-07-10T21:59:13.000Z,Monique Cummerata,monique.cummerata@gmail.com,299-373 Palisades Road,Palisades,WA,98845,1990-09-20,Facebook
1556,2017-06-06T05:39:50.000Z,Araceli Bechtelar,araceli.bechtelar@hotmail.com,30205 Highway 160,Cortez,CO,81321,1980-03-25,Facebook
1559,2018-05-03T05:25:12.000Z,Victoria Weissnat,weissnat-victoria@gmail.com,E9075 Bear Creek Road,Clintonville,WI,54929,1977-02-22,Facebook
1561,2017-01-27T14:49:43.000Z,Juliet Hermiston,juliet.hermiston@hotmail.com,485 West Union Street,Wytheville,VA,24382,1998-05-07,Google
1562,2018-08-23T08:52:47.000Z,Alanna Lockman,alanna.lockman@yahoo.com,2010-2054 Victor Avenue,Winthrop,IA,50682,1985-04-15,Affiliate
1571,2018-06-30T08:44:21.000Z,Selina Dach,dach-selina@yahoo.com,12012 57th Avenue Southwest,Pillager,MN,56473,1963-11-07,Facebook
1573,2016-07-19T03:49:38.000Z,Porter Lowe,lowe.porter@yahoo.com,19 Casey Road,Sardis,AL,36775,1964-04-30,Twitter
1581,2018-11-16T14:00:14.000Z,Orval Zieme,orval-zieme@hotmail.com,29831-29999 185th Street,Onida,SD,57564,1979-06-30,Facebook
1586,2016-07-31T07:09:07.000Z,Bethany Gusikowski,gusikowski-bethany@yahoo.com,11533 Flat Creek Road,Geraldine,MT,59446,1970-01-11,Google
1589,2018-05-18T23:22:12.000Z,Rebeka Tromp,rebeka-tromp@gmail.com,484 County Road 343,Taylor,MS,38673,1961-07-11,Affiliate
1591,2017-12-13T20:04:24.000Z,Natasha Abbott,natasha-abbott@yahoo.com,4680 Creekwood Trail,Maple Plain,MN,55359,1958-11-16,Organic
1592,2019-03-16T03:55:28.000Z,Nathan Waters,waters.nathan@hotmail.com,45908 825th Road,Burwell,NE,68823,1975-11-13,Google
1593,2018-08-08T00:31:00.000Z,Marquis Roob,roob-marquis@gmail.com,401-499 41 Road,Minden,NE,68959,1976-09-06,Twitter
1597,2017-08-19T12:07:07.000Z,Tanya Connelly,connelly.tanya@yahoo.com,2050-2100 109th Avenue Southeast,Dazey,ND,58429,1994-08-25,Google
1599,2018-11-29T16:52:17.000Z,Justina Ullrich,ullrich-justina@yahoo.com,14041-14645 County Road 102,Elbert,CO,80106,1984-08-01,Google
1602,2017-02-16T07:59:55.000Z,Abel Russel,abel-russel@gmail.com,835 Camas Creek Road,White Sulphur Springs,MT,59645,1991-06-19,Organic
1619,2017-07-21T12:39:04.000Z,Kacey Jones,jones-kacey@gmail.com,12167 U.S. 54,Carrizozo,NM,88301,1996-02-26,Facebook
1628,2018-08-29T19:02:32.000Z,Orlando Conroy,conroy-orlando@yahoo.com,4500-6098 Dutch Lane Northwest,Johnstown,OH,43031,1986-08-15,Google
1636,2016-09-25T14:44:06.000Z,Sandra Maggio,sandra.maggio@yahoo.com,741 Batista Drive,San Jose,CA,95136,1983-12-13,Facebook
1640,2016-07-25T12:26:59.000Z,Kyler Altenwerth,kyler-altenwerth@yahoo.com,11638 Johnson School Road,Mer Rouge,LA,71261,1993-05-10,Twitter
1656,2017-01-21T04:49:54.000Z,Ruthe Gottlieb,gottlieb-ruthe@yahoo.com,372 Hodges Road,Wibaux,MT,59353,1991-08-07,Affiliate
1657,2019-01-21T05:22:35.000Z,Ivory Ebert,ebert.ivory@gmail.com,481 South Churchtown Road,Narvon,PA,17555,1997-11-21,Google
1672,2016-04-25T04:07:55.000Z,Elisa Grady,elisa-grady@yahoo.com,41351 Solomon Drive,Chiloquin,OR,97624,1991-02-08,Google
1673,2016-09-25T14:49:43.000Z,Dario Goldner,goldner-dario@yahoo.com,9942 Suring Lane,Argonne,WI,54511,1977-01-25,Facebook
1682,2017-05-24T06:12:23.000Z,Viva Zboncak,viva.zboncak@gmail.com,487 South Sand Creek Road,Jordan,MT,59337,1992-04-20,Affiliate
1686,2016-09-17T13:20:57.000Z,Malvina Effertz,malvina.effertz@yahoo.com,9431 Hessen Cassel Road,Fort Wayne,IN,46816,1991-06-06,Organic
1687,2017-02-25T13:56:22.000Z,Santa Schimmel,schimmel-santa@gmail.com,35860 Oklahoma 45,Waynoka,OK,73860,1976-05-11,Affiliate
1695,2016-07-24T12:13:08.000Z,Zena Wolf,wolf.zena@yahoo.com,4708 Paine Road,Mound City,KS,66056,1980-10-12,Facebook
1705,2018-12-29T02:21:46.000Z,Larue Torp,torp-larue@yahoo.com,5064-6362 South Edison Road,Bakersfield,CA,93307,1980-01-23,Facebook
1706,2017-05-07T00:51:37.000Z,Marley Cronin,cronin-marley@yahoo.com,1916 Off Road,Morganton,NC,28655,1975-08-08,Facebook
1711,2018-08-23T18:46:13.000Z,Marianna Heaney,marianna-heaney@gmail.com,153 Laurel Creek Road,Greenville,WV,24945,1995-03-10,Organic
1712,2016-04-21T23:46:16.000Z,Marco Kihn,marco-kihn@hotmail.com,4972 Lake Road,Saco,MT,59261,1964-08-06,Affiliate
1713,2018-02-08T05:31:01.000Z,Alvena Stehr,stehr.alvena@yahoo.com,42750 Upper Calapooia Drive,Sweet Home,OR,97386,1972-06-21,Organic
1724,2017-03-31T21:00:06.000Z,Delmer Ledner,delmer-ledner@hotmail.com,4770 Maple Grove Road,Hastings,MI,49058,1982-12-02,Affiliate
1727,2019-03-28T16:28:33.000Z,Estefania Goyette,estefania.goyette@yahoo.com,102 Robin Drive,South Mills,NC,27976,1983-09-09,Google
1742,2018-06-10T16:03:46.000Z,Antwan Schmeler,antwan.schmeler@hotmail.com,1263 Curtis Hill Church Lane,Bethel Springs,TN,38315,1985-10-09,Google
1747,2019-01-16T02:28:55.000Z,Triston Nitzsche,nitzsche-triston@hotmail.com,400 Wilbert Lane,Vicksburg,MS,39180,1994-12-24,Facebook
1758,2018-07-16T15:00:54.000Z,Adrien VonRueden,vonrueden-adrien@yahoo.com,11079-11099 66th Street Southeast,Verona,ND,58490,1987-12-14,Twitter
1762,2018-09-27T02:51:06.000Z,Francisco Robel,francisco-robel@hotmail.com,1636 U.S. 84,Evant,TX,76525,1990-07-30,Google
1764,2016-12-05T08:39:26.000Z,Billy Harvey,harvey.billy@yahoo.com,1118 Cole Thomas Road,Bear Creek,NC,27207,1974-01-05,Google
1776,2017-03-25T10:44:25.000Z,Tina Hahn,hahn-tina@yahoo.com,8335 West Vincennes Trail,Campbellsburg,IN,47108,1984-12-22,Twitter
1779,2016-11-06T19:07:37.000Z,Billie Nolan,billie-nolan@gmail.com,36844 East Palmer Road,Brady,NE,69123,1974-09-17,Google
1781,2017-08-23T20:56:40.000Z,Nia Schoen,schoen.nia@gmail.com,2963 7th Avenue,Chetek,WI,54728,1972-05-27,Organic
1784,2016-06-27T15:24:21.000Z,Mafalda Medhurst,mafalda.medhurst@hotmail.com,6876 Dean Road,Howell,MI,48855,1971-05-25,Google
1785,2018-03-27T07:23:28.000Z,Joannie Hudson,joannie.hudson@hotmail.com,3824-3938 Wilmington Road,Lebanon,OH,45036,1965-07-11,Organic
1788,2018-03-06T06:05:23.000Z,Mackenzie Ullrich,mackenzie-ullrich@yahoo.com,3200 Penny Drive,Meeker,CO,81641,1983-08-16,Affiliate
1792,2016-07-18T10:08:20.000Z,Stanley Kuphal,stanley.kuphal@gmail.com,25504-25986 42nd Avenue,Oakville,IA,52646,1977-02-09,Google
1799,2016-06-05T21:44:19.000Z,Antonina Morissette,antonina.morissette@hotmail.com,11560 370th Avenue,Comfrey,MN,56019,1973-03-13,Organic
1800,2016-06-04T11:21:33.000Z,Freddie Wisoky,freddie.wisoky@gmail.com,4816-4820 30th Avenue,Mandan,ND,58554,2000-02-12,Affiliate
1807,2016-09-08T01:04:27.000Z,Pearline Paucek,pearline.paucek@yahoo.com,7295 Johnson Canyon Road,Kanab,UT,84741,1960-06-27,Affiliate
1813,2016-07-11T08:04:01.000Z,Myriam Witting,myriam.witting@gmail.com,24118-24500 Shadow Lane,Grand Ronde,OR,97347,1975-07-13,Twitter
1825,2016-06-20T07:52:44.000Z,Wanda Thiel,thiel.wanda@hotmail.com,1 Uinaq Road,Hooper Bay,AK,99604,1982-03-02,Organic
1828,2018-03-17T11:10:51.000Z,Sydnie Bode,bode-sydnie@gmail.com,460 Burrillo Road,Maryland,NY,12116,1987-11-17,Google
1839,2016-07-13T02:10:11.000Z,Nikita Little,nikita-little@hotmail.com,4615 County Road 16,Tuskegee,AL,36083,1977-08-16,Organic
1843,2018-04-16T22:50:28.000Z,Geo Thompson,thompson-geo@yahoo.com,8001-9999 East Finkle Road,Falmouth,MI,49632,1994-12-26,Facebook
1850,2017-01-28T08:55:23.000Z,Cristina Goldner,cristina-goldner@gmail.com,895 Sweeney Creek Road,Rosebud,MT,59347,1961-12-30,Twitter
1852,2016-05-19T05:23:03.000Z,Joan Langosh,joan-langosh@hotmail.com,593 Hempstead 207 Road,Prescott,AR,71857,1964-03-08,Google
1855,2018-09-25T22:05:20.000Z,Stevie Ankunding,ankunding-stevie@yahoo.com,11851 46th Street Northwest,Watford City,ND,58854,1967-01-28,Twitter
1858,2017-10-23T07:43:27.000Z,Mariah Brown,mariah-brown@yahoo.com,7026 Mallard Drive Southeast,Warden,WA,98857,1977-01-17,Twitter
1867,2016-10-05T11:27:57.000Z,Alicia Runolfsdottir,runolfsdottir.alicia@yahoo.com,2705 East Townline Road,Free Soil,MI,49411,1997-09-08,Google
1881,2016-10-10T04:27:48.000Z,Jalon Brakus,jalon-brakus@hotmail.com,955-1163 V-20 C,Highlandville,MO,65669,1998-08-02,Facebook
1882,2017-11-20T06:00:59.000Z,Vallie Hamill,vallie-hamill@yahoo.com,81140-81160 County 983 Road,Helix,OR,97835,1965-10-08,Affiliate
1891,2016-06-22T02:33:30.000Z,Justyn Nikolaus,justyn-nikolaus@gmail.com,58101-58155 853rd Road,Wakefield,NE,68784,1976-03-15,Google
1897,2016-06-23T09:21:23.000Z,Berry Hirthe,berry.hirthe@hotmail.com,192-198 Agrico Lane,Seymour,IN,47274,1970-03-07,Google
1909,2016-08-28T04:27:46.000Z,Norris Jacobs,jacobs.norris@gmail.com,2869 Bashaw Road,Orofino,ID,83544,1986-12-19,Facebook
1911,2017-03-26T16:40:11.000Z,Talon Kreiger,talon.kreiger@gmail.com,9954 California 167,Bridgeport,CA,93517,1979-11-09,Twitter
1912,2016-08-05T06:46:16.000Z,Loy Gleichner,loy.gleichner@yahoo.com,1217 Gosser Ridge Road,Liberty,KY,42539,1998-05-04,Twitter
1913,2017-12-23T07:30:27.000Z,Joana Pfeffer,joana-pfeffer@gmail.com,1748 Fred Hall Road,Gordon,GA,31031,1959-11-24,Facebook
1915,2016-09-24T19:10:29.000Z,Eveline Gibson,gibson.eveline@hotmail.com,2327-2391 Turquoise Trail,Los Cerrillos,NM,87010,1960-08-26,Facebook
1921,2016-11-01T01:38:55.000Z,Kayli Ziemann,kayli-ziemann@gmail.com,31703 North River Road Way,Benton City,WA,99320,1969-02-06,Organic
1926,2017-06-09T06:25:33.000Z,Elena Herman,elena-herman@gmail.com,4260-4264 Cloverfield Court,Wayland,MI,49348,1964-12-22,Twitter
1930,2016-08-17T23:39:16.000Z,Lucie Cormier,cormier.lucie@hotmail.com,56 Richardson Highway,Valdez,AK,99686,1987-02-02,Affiliate
1932,2017-11-03T16:35:04.000Z,Kenyatta Kshlerin,kshlerin-kenyatta@yahoo.com,2785 Porter Road,Mason,TN,38049,1974-07-10,Google
1943,2019-04-06T13:35:42.000Z,Coleman Keebler,coleman-keebler@yahoo.com,4917 Road 20 Northeast,Soap Lake,WA,98851,1962-02-19,Facebook
1947,2017-02-22T07:13:16.000Z,Earnest Buckridge,buckridge-earnest@yahoo.com,16385 Sullivan Avenue,Palmer,AK,99645,1977-08-23,Organic
1957,2018-08-25T10:06:47.000Z,Lamont Dooley,lamont.dooley@yahoo.com,4130 470 Road,King City,MO,64463,1975-11-20,Google
1964,2016-12-27T20:36:52.000Z,Elvera Kirlin,elvera-kirlin@hotmail.com,204-310 Staggs Drive,Pleasant Plains,AR,72568,1973-05-26,Google
1965,2017-09-08T12:51:11.000Z,Eddie Dibbert,dibbert-eddie@hotmail.com,101 Qanirtuuq Road,Quinhagak,AK,99655,1979-08-24,Google
1968,2016-07-25T07:39:40.000Z,Demetris Tromp,demetris.tromp@yahoo.com,309-605 Livermore Creek Road,Browning,MT,59417,1973-02-02,Affiliate
1985,2018-03-05T20:59:55.000Z,Noelia Sanford,sanford.noelia@yahoo.com,7866-8194 Byrn Grwyn Road,Barneveld,WI,53507,1994-10-11,Facebook
1989,2017-08-11T07:47:58.000Z,Adrian Lemke,lemke-adrian@yahoo.com,407 Stinson Street,Pittsfield,ME,4967,1973-02-22,Affiliate
1992,2018-11-16T11:06:19.000Z,Olen Watsica,watsica-olen@gmail.com,43 Snapper Lane,Beaufort,SC,29907,1997-11-02,Twitter
1996,2017-05-13T08:41:26.000Z,Chasity Raynor,raynor.chasity@gmail.com,8400 Austin Road,Fallon,NV,89406,1991-09-18,Google
1997,2017-08-02T20:38:54.000Z,Jaden Hansen,jaden.hansen@hotmail.com,271 Peters Road,Fairbanks,AK,99712,1995-01-23,Twitter
2002,2016-09-19T20:58:39.000Z,Nadia Vandervort,nadia-vandervort@gmail.com,13160 Surenuff Road,Forest Grove,MT,59441,1984-12-18,Organic
2004,2016-06-12T12:52:46.000Z,Mark Bayer,bayer.mark@hotmail.com,2368-2380 National Forest Development Road 199,Council,ID,83612,1973-11-16,Organic
2016,2016-07-21T11:35:18.000Z,Alycia McCullough,alycia.mccullough@gmail.com,1261 Cedar Lane,Shepherdstown,WV,25443,1990-04-14,Twitter
2031,2016-07-26T05:55:22.000Z,Loyal Schiller,schiller.loyal@gmail.com,26989 560th Street,Palisade,MN,56469,1986-04-16,Google
2034,2016-07-26T08:36:44.000Z,Brando Yundt,yundt-brando@gmail.com,256 Mountain View Road,Ashland,AL,36251,1980-04-03,Facebook
2036,2017-10-29T20:58:30.000Z,Shanny Kuvalis,shanny-kuvalis@gmail.com,515 Welliver Road,Plentywood,MT,59254,1980-11-08,Organic
2038,2016-10-17T14:57:23.000Z,Mario Wisoky,mario.wisoky@yahoo.com,2817 Boomer Hill Road,Myrtle Creek,OR,97457,1961-08-16,Twitter
2040,2017-03-14T13:53:36.000Z,Meagan Stoltenberg,stoltenberg.meagan@hotmail.com,88413 426th Avenue,Ainsworth,NE,69210,1988-06-27,Twitter
2045,2018-07-12T21:41:11.000Z,Mack Lakin,lakin-mack@hotmail.com,3169 Brannens Bridge Road,Sylvania,GA,30467,1998-09-15,Twitter
2051,2018-03-28T01:27:53.000Z,Lonny Mosciski,mosciski.lonny@gmail.com,18995 Quaker Road,Albany,MN,56307,1959-09-24,Twitter
2052,2018-04-21T18:08:00.000Z,Henriette Gibson,henriette-gibson@yahoo.com,1 Appaloosa Court,Centerville,WA,98613,1976-10-27,Google
2064,2016-04-24T01:20:52.000Z,Audra Hudson,hudson-audra@hotmail.com,21000-23904 County Road 153,Branson,CO,81027,1962-10-18,Affiliate
2070,2017-10-05T02:52:42.000Z,Loren Roob,loren-roob@gmail.com,869 25th Avenue Southwest,Baudette,MN,56623,1997-03-03,Facebook
2084,2019-02-20T01:28:50.000Z,Prudence Kihn,kihn-prudence@gmail.com,74868 330 Avenue,Imperial,NE,69033,1964-02-26,Facebook
2093,2018-02-19T04:44:41.000Z,Royal Jast,royal-jast@hotmail.com,13071 Winokur Road,Nahunta,GA,31553,1975-12-14,Affiliate
2097,2016-10-02T11:35:44.000Z,Maeve Bednar,bednar-maeve@hotmail.com,18635 Usta Road,Faith,SD,57626,1961-08-04,Affiliate
2098,2017-03-11T19:13:49.000Z,Desiree Schultz,schultz-desiree@gmail.com,447534 East 130 Road,Bluejacket,OK,74333,1969-01-10,Affiliate
2099,2016-12-03T02:10:47.000Z,Jayden Kris,jayden.kris@hotmail.com,W3110 Wood Creek Avenue,Medford,WI,54451,1965-09-18,Organic
2107,2016-04-30T02:16:06.000Z,Leanne Orn,leanne-orn@gmail.com,204 Fritz Run Road,Forest Hill,WV,24935,1989-07-12,Twitter
2108,2019-03-30T19:42:47.000Z,Karson Corwin,karson-corwin@hotmail.com,61345 724 Road,Tecumseh,NE,68450,1988-05-29,Facebook
2110,2017-09-11T21:52:58.000Z,Idell Murray,murray-idell@gmail.com,2446 Cartersville Road,Rosebud,MT,59347,1987-01-14,Facebook
2111,2016-08-17T14:10:19.000Z,Ryan O'Keefe,ryan-o-keefe@gmail.com,20890 Florida 64,Bradenton,FL,34212,1999-03-29,Affiliate
2114,2018-09-02T05:09:49.000Z,Jazmyne Medhurst,jazmyne.medhurst@yahoo.com,5399 West Henderson Court,Marion,IN,46952,1991-01-28,Twitter
2115,2016-07-22T15:15:30.000Z,Layla Abernathy,layla.abernathy@hotmail.com,5142 Fm 1386 Harwood,Luling,TX,78648,1994-10-16,Organic
2117,2017-06-16T09:38:55.000Z,Joanie Goodwin,goodwin-joanie@yahoo.com,4400-4410 290th Avenue,Menomonie,WI,54751,1970-06-22,Affiliate
2118,2016-08-19T12:21:26.000Z,Odell Stehr,odell.stehr@hotmail.com,6680 240th Lane,Gordon,NE,69343,1971-04-13,Google
2123,2017-12-10T16:15:25.000Z,Nichole Funk,funk.nichole@yahoo.com,13623-14999 County Road 127,Trinchera,CO,81081,1999-08-12,Facebook
2125,2018-04-16T14:38:05.000Z,Stefanie Barton,stefanie.barton@gmail.com,8417-9203 Walmsley Road,Macon,IL,62544,1971-06-02,Organic
2130,2016-05-12T15:49:43.000Z,Abdullah Kerluke,abdullah-kerluke@gmail.com,2899 Oregon 126,Redmond,OR,97756,1960-07-25,Google
2135,2018-10-16T15:02:53.000Z,Mavis Fisher,fisher.mavis@yahoo.com,46756 229th Street,Colman,SD,57017,1998-03-21,Affiliate
2136,2016-11-26T13:30:21.000Z,Elbert Homenick,elbert-homenick@yahoo.com,602-606 Catlett Lane,Magazine,AR,72943,1991-12-11,Twitter
2138,2018-11-20T20:25:10.000Z,Priscilla Moore,moore.priscilla@yahoo.com,84000-87998 54th Street,Decatur,MI,49045,1994-06-30,Organic
2139,2016-08-25T04:46:22.000Z,Floyd Jacobson,floyd.jacobson@gmail.com,813 Rosetown Church Road,Corbin,KY,40701,1971-09-08,Affiliate
2152,2016-08-30T22:07:59.000Z,Louisa Sauer,louisa-sauer@gmail.com,2125 Clous Road,Kingsley,MI,49649,1964-07-31,Facebook
2157,2017-11-04T14:35:49.000Z,Caitlyn Mraz,mraz.caitlyn@yahoo.com,3383 180th Street,Ionia,IA,50645,1985-09-20,Organic
2161,2018-12-20T23:45:07.000Z,Brody Gottlieb,gottlieb-brody@yahoo.com,17938-17944 River Road,Wasta,SD,57791,1963-08-19,Affiliate
2164,2016-09-14T20:36:30.000Z,Cordia Farrell,cordia.farrell@gmail.com,3001 Howard Road,Raleigh,NC,27613,1965-08-01,Organic
2167,2017-06-21T08:25:45.000Z,Gideon Conn,conn-gideon@yahoo.com,6626-7298 Long Grove Road,Elizabethtown,KY,42701,1997-09-06,Facebook
2169,2016-07-05T15:28:59.000Z,Jeffry Schowalter,jeffry-schowalter@hotmail.com,26102 Golden Gate Canyon Road,Golden,CO,80403,1969-03-26,Affiliate
2170,2016-04-22T23:28:13.000Z,Misty Botsford,misty-botsford@hotmail.com,22771 Sagebrush Lane,Colorado Springs,CO,80928,1960-08-24,Twitter
2175,2018-04-20T10:35:07.000Z,Bernhard Bailey,bernhard.bailey@yahoo.com,391 Frizzell Hollow Road,Gainesboro,TN,38562,1975-06-22,Facebook
2180,2016-07-07T22:37:02.000Z,Eleanora Kunze,kunze.eleanora@hotmail.com,4441 Buttercup Drive,Redgranite,WI,54970,1966-06-23,Twitter
2184,2016-07-30T03:35:54.000Z,Jensen Champlin,champlin.jensen@yahoo.com,4182 Upper Anglins Creek,Mount Nebo,WV,26679,1964-02-17,Facebook
2186,2017-12-05T01:55:11.000Z,Rosemary Daniel,rosemary-daniel@gmail.com,106 Creekside Lane,Oriental,NC,28571,1977-01-23,Google
2187,2016-06-11T10:23:25.000Z,Chris Satterfield,satterfield.chris@hotmail.com,295-299 Big Valley Road,Outlook,MT,59252,1978-12-16,Affiliate
2199,2018-08-10T03:35:04.000Z,Dante Harvey,harvey.dante@yahoo.com,136 Centennial Drive,Mediapolis,IA,52637,1996-12-10,Twitter
2203,2019-01-13T03:00:37.000Z,Micaela Kerluke,micaela.kerluke@gmail.com,19149-19199 458th Avenue,Castlewood,SD,57223,1996-04-30,Google
2204,2016-05-30T05:13:40.000Z,Lilliana Larkin,larkin-lilliana@hotmail.com,6456-7908 Camp Creek Road,Savanna,IL,61074,1991-08-14,Affiliate
2207,2016-08-02T15:33:57.000Z,Janelle Wolf,wolf.janelle@hotmail.com,87743 450th Avenue,Bassett,NE,68714,1967-03-06,Google
2210,2016-06-24T09:56:03.000Z,Abbey Satterfield,satterfield-abbey@hotmail.com,2141 Donald Wapato Road,Wapato,WA,98951,1985-06-09,Twitter
2212,2016-07-26T23:34:20.000Z,Braden Rempel,rempel-braden@yahoo.com,67125 County Road 83,Grover,CO,80729,1979-09-04,Affiliate
2213,2018-02-22T11:12:53.000Z,Cyrus Dach,cyrus.dach@gmail.com,9546 County Line Road,Hill City,ID,83337,1971-01-20,Twitter
2214,2018-05-20T06:09:00.000Z,Kavon Dach,kavon-dach@gmail.com,2508 County Road 90,Red Bay,AL,35582,1990-01-07,Organic
2217,2016-06-01T18:10:58.000Z,Green Schimmel,schimmel-green@hotmail.com,5317-5323 63rd Street Northeast,Leeds,ND,58346,1971-04-19,Twitter
2219,2016-05-22T19:34:54.000Z,Kirsten Kihn,kihn-kirsten@yahoo.com,572-798 Louisiana 871,Winnsboro,LA,71295,1969-01-11,Affiliate
2220,2016-07-16T07:43:47.000Z,Cedrick Kessler,cedrick-kessler@gmail.com,5396-5492 Valley Road,Meridian,MS,39307,1984-11-19,Affiliate
2247,2016-04-25T22:05:41.000Z,Ettie Gislason,gislason-ettie@gmail.com,300 Hillside,Pleasanton,TX,78064,1970-09-20,Facebook
2251,2018-04-27T19:08:12.000Z,Reva Hermann,reva.hermann@yahoo.com,17030 Chena Hot Springs Road,Fairbanks,AK,99712,1963-02-15,Twitter
2253,2018-05-22T12:00:32.000Z,Jarvis Rosenbaum,jarvis.rosenbaum@yahoo.com,1795 170th Street,Wellman,IA,52356,1964-06-10,Facebook
2264,2016-05-08T18:02:52.000Z,Darrell Fritsch,darrell-fritsch@hotmail.com,32523-32943 County Road 193.5,Kim,CO,81049,1982-12-06,Affiliate
2277,2017-02-28T10:16:40.000Z,Rachel Gorczany,gorczany.rachel@gmail.com,145-175 Jake Brown Road,Old Bridge Township,NJ,8857,1985-02-18,Organic
2282,2016-07-10T05:43:43.000Z,Arlene Dietrich,dietrich-arlene@yahoo.com,1446 Centre Line Road,Warriors Mark,PA,16877,1990-06-07,Twitter
2286,2017-04-27T18:39:14.000Z,Okey Lueilwitz,lueilwitz.okey@yahoo.com,901 South Limit Avenue,Sedalia,MO,65301,1992-11-22,Affiliate
2287,2017-09-19T06:06:56.000Z,Cyril Breitenberg,cyril.breitenberg@gmail.com,118 Belah Cemetery Road,Trout,LA,71371,1960-01-05,Facebook
2290,2018-06-13T00:40:50.000Z,Kathlyn Ruecker,ruecker-kathlyn@yahoo.com,2200-2298 Shetland Road,Waverly,KS,66871,1993-02-01,Google
2298,2016-11-18T12:24:52.000Z,Antoinette Mertz,mertz.antoinette@hotmail.com,8080 Forge Road,Turbeville,SC,29162,1974-09-10,Organic
2304,2018-01-03T05:59:58.000Z,Janis Renner,renner.janis@hotmail.com,12771 Al Highway 25,Greensboro,AL,36744,1987-10-04,Google
2307,2016-08-22T03:04:17.000Z,Bernardo Heathcote,heathcote-bernardo@yahoo.com,1329-2599 Alum Cliff Road,Chillicothe,OH,45601,1990-04-19,Affiliate
2309,2019-02-27T07:02:31.000Z,Andreanne Mayert,andreanne.mayert@hotmail.com,648 Parkside Drive,Limestone,NY,14753,1973-11-02,Twitter
2317,2018-08-23T02:40:05.000Z,Anderson Morissette,morissette-anderson@yahoo.com,19057 U.S. Highway 62,Garfield,AR,72732,1962-11-05,Affiliate
2328,2016-08-13T12:54:48.000Z,Kirk Harber,harber.kirk@yahoo.com,11100 Heather Lane,Hornbrook,CA,96044,1999-10-01,Organic
2332,2016-10-30T12:43:40.000Z,Una Williamson,una.williamson@hotmail.com,100-198 Lazy Pine Road,Darby,MT,59829,1961-12-24,Facebook
2336,2017-10-04T12:57:09.000Z,Richard Harris,harris.richard@yahoo.com,43701-43745 210th Street,De Smet,SD,57231,1997-01-14,Google
2345,2018-05-26T10:21:09.000Z,Marlene Brakus,brakus.marlene@hotmail.com,467-605 Montana 200,Circle,MT,59215,1986-10-19,Google
2346,2017-07-21T12:54:32.000Z,Zane Paucek,zane.paucek@yahoo.com,2697 Kenyon Road,Owatonna,MN,55060,1965-02-22,Google
2347,2016-09-08T16:22:44.000Z,Margarita Anderson,margarita-anderson@gmail.com,42662 Thurso Bay,Clayton,NY,13624,1979-04-01,Google
2358,2016-05-28T20:58:40.000Z,Johnathan Kris,johnathan-kris@hotmail.com,1370 Montana 59,Miles City,MT,59301,1984-07-19,Organic
2364,2018-09-27T12:26:14.000Z,Margarete Tillman,margarete.tillman@gmail.com,7390F County Road 359,Pagosa Springs,CO,81147,1972-09-20,Twitter
2365,2019-01-31T11:16:10.000Z,Syble Langworth,langworth.syble@yahoo.com,814 Rolling Hills Road,Ridgeway,SC,29130,1975-12-16,Affiliate
2366,2018-08-20T03:00:54.000Z,Sandy Jenkins,jenkins-sandy@yahoo.com,6551-6651 Miller Road,Kannapolis,NC,28081,1981-02-14,Google
2367,2016-05-01T06:55:42.000Z,Nyah Considine,considine-nyah@yahoo.com,275 Highway 584,Rayville,LA,71269,1988-04-08,Affiliate
2371,2019-03-04T02:56:00.000Z,Benjamin Collier,benjamin.collier@hotmail.com,382 County Road 302,Carthage,TX,75633,1989-03-14,Google
2372,2017-08-31T19:32:33.000Z,Keith Bradtke,keith.bradtke@hotmail.com,5112-5510 South Warren Road,Warren,IN,46792,1993-01-13,Organic
2375,2019-02-05T10:26:03.000Z,Leonor Moore,moore.leonor@hotmail.com,27525 State Highway N,Ewing,MO,63440,1981-11-03,Twitter
2376,2018-10-07T03:47:05.000Z,Enrico Ferry,ferry.enrico@hotmail.com,18756-18998 720th Street,Hayfield,MN,55940,1969-01-12,Affiliate
2379,2016-04-22T04:07:38.000Z,Felicity Erdman,erdman-felicity@yahoo.com,260 Monkey Run Road,Gillett,PA,16925,1987-02-28,Twitter
2381,2016-08-14T05:30:30.000Z,Kirsten Brekke,brekke.kirsten@yahoo.com,975 Cypress Road,Neshkoro,WI,54960,1967-03-11,Affiliate
2386,2017-12-01T19:37:47.000Z,Dortha Bradtke,bradtke-dortha@gmail.com,1010-1311 Township Road 223,Richmond,OH,43944,1981-05-15,Facebook
2389,2017-01-12T06:15:50.000Z,Roderick Aufderhar,roderick.aufderhar@yahoo.com,10402 FM 2193,Brenham,TX,77833,1977-12-17,Google
2390,2018-01-09T04:03:24.000Z,Ward Swift,swift.ward@yahoo.com,4134 North 36th Street,Quincy,IL,62305,1992-05-13,Organic
2392,2017-09-28T01:58:16.000Z,Maud Upton,maud-upton@hotmail.com,463210 East 594 Road,Kansas,OK,74347,1963-09-12,Google
2393,2017-06-15T07:10:02.000Z,Wilhelm Hintz,wilhelm-hintz@hotmail.com,247 Roanwood Road,Opheim,MT,59250,1988-02-29,Facebook
2395,2018-11-01T01:56:31.000Z,Brennan Olson,brennan-olson@hotmail.com,16480 Hemlock Road,Birnamwood,WI,54414,1992-10-10,Affiliate
2397,2017-06-13T01:53:21.000Z,Jackeline Hane,jackeline.hane@hotmail.com,398 North Yellowstone Trail Road,Big Timber,MT,59011,1974-08-14,Facebook
2405,2017-06-26T12:18:54.000Z,Lazaro Rodriguez,rodriguez-lazaro@yahoo.com,4632 Fallston Road,Shelby,NC,28150,1960-11-22,Twitter
2408,2017-09-13T00:53:20.000Z,Blake Jast,jast.blake@hotmail.com,637 Dry Valley Road Northeast,Cleveland,TN,37312,1997-04-06,Google
2428,2016-09-25T21:11:55.000Z,Magnus Carroll,magnus.carroll@yahoo.com,1900-2012 George Road,La Grange,TX,78945,1959-07-24,Google
2436,2016-10-10T00:37:07.000Z,Kayley Powlowski,kayley.powlowski@hotmail.com,1 Whitams Island,Saint Helena Island,SC,29920,1994-01-20,Twitter
2442,2016-04-28T08:12:10.000Z,Ubaldo Gulgowski,gulgowski.ubaldo@gmail.com,6091 Boonville Road,Ukiah,CA,95482,1981-09-25,Facebook
2450,2016-06-27T11:31:53.000Z,William Terry,terry-william@yahoo.com,7001-7089 18th Street Southeast,Pingree,ND,58476,1982-08-16,Twitter
2453,2019-02-28T02:17:31.000Z,Rozella Tremblay,rozella-tremblay@gmail.com,666 Hestor Drive,Pittsburgh,PA,15220,1973-02-09,Facebook
2462,2016-05-11T05:55:44.000Z,Dean Anderson,anderson-dean@yahoo.com,28909 South Kircher Road,Harrisonville,MO,64701,1992-06-07,Twitter
2472,2016-10-22T07:47:32.000Z,Alberto Gulgowski,alberto.gulgowski@gmail.com,12280 North Jackson Highway,Magnolia,KY,42757,1983-10-21,Affiliate
2473,2016-05-02T11:48:03.000Z,Boris Boyer,boyer.boris@yahoo.com,1876 Spruce Corner Road,Ashfield,MA,1330,1967-06-22,Affiliate
2482,2016-06-25T12:07:30.000Z,Ruthe Goldner,goldner.ruthe@hotmail.com,875-893 Estes Drive Extension,Chapel Hill,NC,27516,1984-11-23,Organic
2488,2016-09-02T20:15:28.000Z,Alberta Kutch,alberta-kutch@gmail.com,35887 State Route 324,Hamden,OH,45634,1967-12-07,Facebook
2494,2018-12-12T04:31:00.000Z,Tamara Pagac,tamara-pagac@gmail.com,37500-37598 194th Street,Wessington,SD,57381,1981-12-11,Twitter
2496,2018-11-26T04:53:41.000Z,Jettie Yost,jettie-yost@gmail.com,22000-22998 County Road G,Yuma,CO,80759,1988-05-15,Affiliate
2498,2016-08-31T11:49:59.000Z,Verner Hamill,verner.hamill@gmail.com,186 4500 South,Milford,UT,84751,1962-07-29,Affiliate
2499,2017-03-24T09:27:51.000Z,Cloyd Beer,cloyd-beer@gmail.com,15708 East Lincoln Road,Spokane,WA,99217,1964-08-13,Twitter
